product_id,product_name,category,units_sold,unit_price,revenue,month,channel,region
P1000,Producto_0,Makeup,453,15.7,7112.1,2023-01-01,Retail,Chile
P1000,Producto_0,Makeup,1662,30.04,49926.48,2023-02-01,Online,Chile
P1000,Producto_0,Makeup,429,16.39,7031.31,2023-03-01,Retail,Colombia
P1000,Producto_0,Makeup,286,36.57,10459.02,2023-04-01,Online,Perú
P1000,Producto_0,Makeup,439,26.49,11629.11,2023-05-01,Online,Colombia
P1000,Producto_0,Makeup,470,24.42,11477.4,2023-06-01,Retail,México
P1000,Producto_0,Makeup,777,48.72,37855.44,2023-07-01,Distributor,México
P1000,Producto_0,Makeup,619,38.55,23862.45,2023-08-01,Retail,Chile
P1000,Producto_0,Makeup,488,19.4,9467.2,2023-09-01,Online,Chile
P1000,Producto_0,Makeup,469,19.59,9187.71,2023-10-01,Online,Perú
P1000,Producto_0,Makeup,558,40.39,22537.62,2023-11-01,Online,Perú
P1000,Producto_0,Makeup,588,43.7,25695.6,2023-12-01,Online,Colombia
P1000,Producto_0,Makeup,389,34.78,13529.42,2024-01-01,Online,Perú
P1000,Producto_0,Makeup,380,43.65,16587.0,2024-02-01,Online,México
P1000,Producto_0,Makeup,837,9.07,7591.59,2024-03-01,Online,Colombia
P1000,Producto_0,Makeup,407,31.66,12885.62,2024-04-01,Online,Colombia
P1000,Producto_0,Makeup,647,11.23,7265.81,2024-05-01,Online,México
P1000,Producto_0,Makeup,448,20.42,9148.16,2024-06-01,Online,Chile
P1000,Producto_0,Makeup,637,21.36,13606.32,2024-07-01,Online,México
P1000,Producto_0,Makeup,1551,22.81,35378.31,2024-08-01,Online,Colombia
P1000,Producto_0,Makeup,358,22.18,7940.44,2024-09-01,Online,Chile
P1000,Producto_0,Makeup,457,24.96,11406.72,2024-10-01,Online,Chile
P1000,Producto_0,Makeup,498,19.96,9940.08,2024-11-01,Retail,México
P1000,Producto_0,Makeup,332,9.39,3117.48,2024-12-01,Retail,México
P1001,Producto_1,Fragrance,196,18.17,3561.32,2023-01-01,Retail,Colombia
P1001,Producto_1,Fragrance,83,41.73,3463.59,2023-02-01,Distributor,México
P1001,Producto_1,Fragrance,111,21.47,2383.17,2023-03-01,Online,Chile
P1001,Producto_1,Fragrance,207,17.25,3570.75,2023-04-01,Distributor,Chile
P1001,Producto_1,Fragrance,93,24.24,2254.32,2023-05-01,Online,Chile
P1001,Producto_1,Fragrance,247,16.78,4144.66,2023-06-01,Retail,Colombia
P1001,Producto_1,Fragrance,304,30.25,9196.0,2023-07-01,Online,Chile
P1001,Producto_1,Fragrance,252,45.07,11357.64,2023-08-01,Online,Colombia
P1001,Producto_1,Fragrance,252,40.75,10269.0,2023-09-01,Online,Chile
P1001,Producto_1,Fragrance,229,36.1,8266.9,2023-10-01,Online,Perú
P1001,Producto_1,Fragrance,217,35.38,7677.46,2023-11-01,Retail,Perú
P1001,Producto_1,Fragrance,78,15.51,1209.78,2023-12-01,Retail,Colombia
P1001,Producto_1,Fragrance,282,23.44,6610.08,2024-01-01,Online,México
P1001,Producto_1,Fragrance,389,28.44,11063.16,2024-02-01,Online,Perú
P1001,Producto_1,Fragrance,473,16.2,7662.6,2024-03-01,Online,Colombia
P1001,Producto_1,Fragrance,209,9.83,2054.47,2024-04-01,Online,México
P1001,Producto_1,Fragrance,531,46.99,24951.69,2024-05-01,Distributor,Colombia
P1001,Producto_1,Fragrance,271,11.16,3024.36,2024-06-01,Online,Perú
P1001,Producto_1,Fragrance,107,47.32,5063.24,2024-07-01,Retail,Chile
P1001,Producto_1,Fragrance,148,36.19,5356.12,2024-08-01,Online,México
P1001,Producto_1,Fragrance,235,37.5,8812.5,2024-09-01,Online,Colombia
P1001,Producto_1,Fragrance,256,18.76,4802.56,2024-10-01,Online,Colombia
P1001,Producto_1,Fragrance,343,37.48,12855.64,2024-11-01,Distributor,Colombia
P1001,Producto_1,Fragrance,600,32.31,19386.0,2024-12-01,Retail,Colombia
P1002,Producto_2,Skincare,731,32.81,23984.11,2023-01-01,Online,México
P1002,Producto_2,Skincare,313,30.56,9565.28,2023-02-01,Distributor,Chile
P1002,Producto_2,Skincare,554,10.17,5634.18,2023-03-01,Retail,Colombia
P1002,Producto_2,Skincare,372,13.58,5051.76,2023-04-01,Retail,Colombia
P1002,Producto_2,Skincare,433,2.93,1268.69,2023-05-01,Distributor,Perú
P1002,Producto_2,Skincare,585,10.44,6107.4,2023-06-01,Online,Chile
P1002,Producto_2,Skincare,676,19.76,13357.76,2023-07-01,Retail,Colombia
P1002,Producto_2,Skincare,540,38.66,20876.4,2023-08-01,Retail,Colombia
P1002,Producto_2,Skincare,476,28.65,13637.4,2023-09-01,Online,México
P1002,Producto_2,Skincare,687,10.02,6883.74,2023-10-01,Distributor,Chile
P1002,Producto_2,Skincare,644,43.97,28316.68,2023-11-01,Online,Chile
P1002,Producto_2,Skincare,356,47.66,16966.96,2023-12-01,Retail,Chile
P1002,Producto_2,Skincare,310,27.25,8447.5,2024-01-01,Distributor,Colombia
P1002,Producto_2,Skincare,628,35.36,22206.08,2024-02-01,Online,Chile
P1002,Producto_2,Skincare,528,21.4,11299.2,2024-03-01,Online,México
P1002,Producto_2,Skincare,437,28.83,12598.71,2024-04-01,Online,Colombia
P1002,Producto_2,Skincare,536,19.85,10639.6,2024-05-01,Retail,Chile
P1002,Producto_2,Skincare,558,38.73,21611.34,2024-06-01,Online,Chile
P1002,Producto_2,Skincare,554,26.02,14415.08,2024-07-01,Retail,Perú
P1002,Producto_2,Skincare,479,30.44,14580.76,2024-08-01,Online,Perú
P1002,Producto_2,Skincare,1428,46.03,65730.84,2024-09-01,Online,México
P1002,Producto_2,Skincare,585,28.27,16537.95,2024-10-01,Online,Perú
P1002,Producto_2,Skincare,399,39.6,15800.4,2024-11-01,Retail,Perú
P1002,Producto_2,Skincare,378,48.92,18491.76,2024-12-01,Online,Colombia
P1003,Producto_3,Makeup,469,14.01,6570.69,2023-01-01,Retail,Perú
P1003,Producto_3,Makeup,580,25.9,15022.0,2023-02-01,Online,Colombia
P1003,Producto_3,Makeup,452,49.44,22346.88,2023-03-01,Online,Chile
P1003,Producto_3,Makeup,523,46.12,24120.76,2023-04-01,Online,Chile
P1003,Producto_3,Makeup,296,12.67,3750.32,2023-05-01,Online,Chile
P1003,Producto_3,Makeup,657,39.12,25701.84,2023-06-01,Distributor,Colombia
P1003,Producto_3,Makeup,551,23.74,13080.74,2023-07-01,Distributor,México
P1003,Producto_3,Makeup,653,41.69,27223.57,2023-08-01,Retail,Colombia
P1003,Producto_3,Makeup,506,11.1,5616.6,2023-09-01,Distributor,México
P1003,Producto_3,Makeup,598,17.11,10231.78,2023-10-01,Distributor,México
P1003,Producto_3,Makeup,1761,19.8,34867.8,2023-11-01,Distributor,Chile
P1003,Producto_3,Makeup,518,22.1,11447.8,2023-12-01,Retail,Chile
P1003,Producto_3,Makeup,603,48.92,29498.76,2024-01-01,Retail,Perú
P1003,Producto_3,Makeup,318,25.27,8035.86,2024-02-01,Online,Perú
P1003,Producto_3,Makeup,367,44.37,16283.79,2024-03-01,Online,Perú
P1003,Producto_3,Makeup,683,28.18,19246.94,2024-04-01,Online,México
P1003,Producto_3,Makeup,534,43.21,23074.14,2024-05-01,Online,Perú
P1003,Producto_3,Makeup,1473,11.17,16453.41,2024-06-01,Retail,Perú
P1003,Producto_3,Makeup,500,47.68,23840.0,2024-07-01,Online,México
P1003,Producto_3,Makeup,504,18.56,9354.24,2024-08-01,Online,Perú
P1003,Producto_3,Makeup,606,12.77,7738.62,2024-09-01,Retail,México
P1003,Producto_3,Makeup,654,20.93,13688.22,2024-10-01,Distributor,México
P1003,Producto_3,Makeup,475,9.21,4374.75,2024-11-01,Retail,México
P1003,Producto_3,Makeup,597,45.93,27420.21,2024-12-01,Distributor,México
P1004,Producto_4,Makeup,326,45.97,14986.22,2023-01-01,Retail,Chile
P1004,Producto_4,Makeup,644,20.51,13208.44,2023-02-01,Retail,Perú
P1004,Producto_4,Makeup,329,49.16,16173.64,2023-03-01,Online,Colombia
P1004,Producto_4,Makeup,494,22.35,11040.9,2023-04-01,Online,Chile
P1004,Producto_4,Makeup,389,45.67,17765.63,2023-05-01,Retail,México
P1004,Producto_4,Makeup,548,17.4,9535.2,2023-06-01,Online,México
P1004,Producto_4,Makeup,489,23.3,11393.7,2023-07-01,Retail,Perú
P1004,Producto_4,Makeup,396,28.21,11171.16,2023-08-01,Retail,Colombia
P1004,Producto_4,Makeup,585,15.75,9213.75,2023-09-01,Online,México
P1004,Producto_4,Makeup,437,39.92,17445.04,2023-10-01,Retail,México
P1004,Producto_4,Makeup,557,30.35,16904.95,2023-11-01,Online,Colombia
P1004,Producto_4,Makeup,531,12.4,6584.4,2023-12-01,Online,Colombia
P1004,Producto_4,Makeup,393,13.03,5120.79,2024-01-01,Retail,Chile
P1004,Producto_4,Makeup,434,35.25,15298.5,2024-02-01,Retail,México
P1004,Producto_4,Makeup,652,13.36,8710.72,2024-03-01,Online,México
P1004,Producto_4,Makeup,553,18.26,10097.78,2024-04-01,Online,Perú
P1004,Producto_4,Makeup,463,18.33,8486.79,2024-05-01,Online,México
P1004,Producto_4,Makeup,476,10.34,4921.84,2024-06-01,Online,Colombia
P1004,Producto_4,Makeup,527,24.71,13022.17,2024-07-01,Distributor,México
P1004,Producto_4,Makeup,494,28.61,14133.34,2024-08-01,Distributor,México
P1004,Producto_4,Makeup,704,40.32,28385.28,2024-09-01,Online,Colombia
P1004,Producto_4,Makeup,661,38.92,25726.12,2024-10-01,Retail,México
P1004,Producto_4,Makeup,563,28.21,15882.23,2024-11-01,Online,México
P1004,Producto_4,Makeup,333,31.04,10336.32,2024-12-01,Online,Chile
P1005,Producto_5,Fragrance,139,39.93,5550.27,2023-01-01,Online,Colombia
P1005,Producto_5,Fragrance,276,12.48,3444.48,2023-02-01,Retail,México
P1005,Producto_5,Fragrance,237,15.61,3699.57,2023-03-01,Retail,México
P1005,Producto_5,Fragrance,417,40.82,17021.94,2023-04-01,Retail,Chile
P1005,Producto_5,Fragrance,168,35.94,6037.92,2023-05-01,Online,Perú
P1005,Producto_5,Fragrance,168,36.69,6163.92,2023-06-01,Retail,Chile
P1005,Producto_5,Fragrance,12,29.11,349.32,2023-07-01,Distributor,Colombia
P1005,Producto_5,Fragrance,164,10.8,1771.2,2023-08-01,Retail,México
P1005,Producto_5,Fragrance,216,13.85,2991.6,2023-09-01,Retail,Chile
P1005,Producto_5,Fragrance,256,32.07,8209.92,2023-10-01,Retail,Perú
P1005,Producto_5,Fragrance,849,31.94,27117.06,2023-11-01,Distributor,Perú
P1005,Producto_5,Fragrance,114,30.53,3480.42,2023-12-01,Online,Chile
P1005,Producto_5,Fragrance,328,17.63,5782.64,2024-01-01,Retail,Colombia
P1005,Producto_5,Fragrance,155,31.75,4921.25,2024-02-01,Retail,Chile
P1005,Producto_5,Fragrance,22,47.79,1051.38,2024-03-01,Retail,México
P1005,Producto_5,Fragrance,349,18.75,6543.75,2024-04-01,Retail,Chile
P1005,Producto_5,Fragrance,378,37.7,14250.6,2024-05-01,Retail,México
P1005,Producto_5,Fragrance,259,11.25,2913.75,2024-06-01,Distributor,Colombia
P1005,Producto_5,Fragrance,101,43.23,4366.23,2024-07-01,Distributor,Colombia
P1005,Producto_5,Fragrance,187,17.55,3281.85,2024-08-01,Online,Perú
P1005,Producto_5,Fragrance,921,22.01,20271.21,2024-09-01,Retail,Colombia
P1005,Producto_5,Fragrance,141,27.56,3885.96,2024-10-01,Distributor,Chile
P1005,Producto_5,Fragrance,174,15.41,2681.34,2024-11-01,Online,Chile
P1005,Producto_5,Fragrance,49,40.78,1998.22,2024-12-01,Online,México
P1006,Producto_6,Skincare,398,14.24,5667.52,2023-01-01,Online,Perú
P1006,Producto_6,Skincare,551,20.58,11339.58,2023-02-01,Online,Colombia
P1006,Producto_6,Skincare,519,16.01,8309.19,2023-03-01,Online,Chile
P1006,Producto_6,Skincare,485,20.35,9869.75,2023-04-01,Retail,México
P1006,Producto_6,Skincare,292,14.52,4239.84,2023-05-01,Distributor,Colombia
P1006,Producto_6,Skincare,375,19.44,7290.0,2023-06-01,Retail,Perú
P1006,Producto_6,Skincare,1779,17.32,30812.28,2023-07-01,Retail,Perú
P1006,Producto_6,Skincare,627,22.25,13950.75,2023-08-01,Distributor,Chile
P1006,Producto_6,Skincare,464,38.34,17789.76,2023-09-01,Distributor,Chile
P1006,Producto_6,Skincare,477,13.93,6644.61,2023-10-01,Online,México
P1006,Producto_6,Skincare,532,45.49,24200.68,2023-11-01,Online,México
P1006,Producto_6,Skincare,374,23.25,8695.5,2023-12-01,Distributor,Perú
P1006,Producto_6,Skincare,624,20.37,12710.88,2024-01-01,Retail,Chile
P1006,Producto_6,Skincare,283,31.76,8988.08,2024-02-01,Online,Chile
P1006,Producto_6,Skincare,463,30.75,14237.25,2024-03-01,Online,México
P1006,Producto_6,Skincare,494,25.71,12700.74,2024-04-01,Distributor,México
P1006,Producto_6,Skincare,337,35.36,11916.32,2024-05-01,Online,México
P1006,Producto_6,Skincare,555,19.07,10583.85,2024-06-01,Retail,México
P1006,Producto_6,Skincare,666,46.41,30909.06,2024-07-01,Online,México
P1006,Producto_6,Skincare,601,22.86,13738.86,2024-08-01,Online,Perú
P1006,Producto_6,Skincare,356,20.13,7166.28,2024-09-01,Retail,Colombia
P1006,Producto_6,Skincare,558,47.87,26711.46,2024-10-01,Distributor,México
P1006,Producto_6,Skincare,1242,19.02,23622.84,2024-11-01,Online,México
P1006,Producto_6,Skincare,570,14.5,8265.0,2024-12-01,Online,Perú
P1007,Producto_7,Skincare,517,36.91,19082.47,2023-01-01,Online,Colombia
P1007,Producto_7,Skincare,466,8.1,3774.6,2023-02-01,Online,Chile
P1007,Producto_7,Skincare,427,13.75,5871.25,2023-03-01,Online,Colombia
P1007,Producto_7,Skincare,475,48.24,22914.0,2023-04-01,Retail,Perú
P1007,Producto_7,Skincare,628,18.49,11611.72,2023-05-01,Online,México
P1007,Producto_7,Skincare,606,36.14,21900.84,2023-06-01,Retail,Perú
P1007,Producto_7,Skincare,527,9.43,4969.61,2023-07-01,Online,Chile
P1007,Producto_7,Skincare,372,25.71,9564.12,2023-08-01,Retail,Chile
P1007,Producto_7,Skincare,453,9.55,4326.15,2023-09-01,Online,Chile
P1007,Producto_7,Skincare,588,45.17,26559.96,2023-10-01,Online,Colombia
P1007,Producto_7,Skincare,481,41.21,19822.01,2023-11-01,Retail,Chile
P1007,Producto_7,Skincare,456,44.82,20437.92,2023-12-01,Online,México
P1007,Producto_7,Skincare,571,49.91,28498.61,2024-01-01,Retail,Perú
P1007,Producto_7,Skincare,1512,28.15,42562.8,2024-02-01,Online,Perú
P1007,Producto_7,Skincare,455,38.98,17735.9,2024-03-01,Online,México
P1007,Producto_7,Skincare,645,43.82,28263.9,2024-04-01,Retail,Chile
P1007,Producto_7,Skincare,306,17.17,5254.02,2024-05-01,Retail,Colombia
P1007,Producto_7,Skincare,379,49.26,18669.54,2024-06-01,Retail,México
P1007,Producto_7,Skincare,387,17.73,6861.51,2024-07-01,Retail,Perú
P1007,Producto_7,Skincare,538,13.05,7020.9,2024-08-01,Online,Perú
P1007,Producto_7,Skincare,555,10.43,5788.65,2024-09-01,Distributor,Colombia
P1007,Producto_7,Skincare,437,30.05,13131.85,2024-10-01,Retail,México
P1007,Producto_7,Skincare,416,17.43,7250.88,2024-11-01,Retail,Perú
P1007,Producto_7,Skincare,547,44.13,24139.11,2024-12-01,Online,Colombia
P1008,Producto_8,Makeup,554,11.65,6454.1,2023-01-01,Online,Chile
P1008,Producto_8,Makeup,608,10.05,6110.4,2023-02-01,Distributor,Chile
P1008,Producto_8,Makeup,448,28.8,12902.4,2023-03-01,Retail,México
P1008,Producto_8,Makeup,522,35.81,18692.82,2023-04-01,Distributor,Perú
P1008,Producto_8,Makeup,524,43.72,22909.28,2023-05-01,Retail,Colombia
P1008,Producto_8,Makeup,530,47.06,24941.8,2023-06-01,Retail,Chile
P1008,Producto_8,Makeup,483,39.23,18948.09,2023-07-01,Distributor,México
P1008,Producto_8,Makeup,514,18.86,9694.04,2023-08-01,Online,Colombia
P1008,Producto_8,Makeup,502,34.63,17384.26,2023-09-01,Retail,México
P1008,Producto_8,Makeup,508,8.77,4455.16,2023-10-01,Distributor,Chile
P1008,Producto_8,Makeup,560,47.36,26521.6,2023-11-01,Online,Colombia
P1008,Producto_8,Makeup,518,40.38,20916.84,2023-12-01,Online,México
P1008,Producto_8,Makeup,451,48.89,22049.39,2024-01-01,Retail,Colombia
P1008,Producto_8,Makeup,512,24.11,12344.32,2024-02-01,Distributor,Colombia
P1008,Producto_8,Makeup,656,26.73,17534.88,2024-03-01,Distributor,Perú
P1008,Producto_8,Makeup,493,43.88,21632.84,2024-04-01,Distributor,Colombia
P1008,Producto_8,Makeup,612,47.94,29339.28,2024-05-01,Online,Perú
P1008,Producto_8,Makeup,631,44.01,27770.31,2024-06-01,Retail,Perú
P1008,Producto_8,Makeup,495,17.66,8741.7,2024-07-01,Online,Perú
P1008,Producto_8,Makeup,524,31.64,16579.36,2024-08-01,Retail,Chile
P1008,Producto_8,Makeup,526,40.38,21239.88,2024-09-01,Retail,Colombia
P1008,Producto_8,Makeup,476,20.36,9691.36,2024-10-01,Distributor,Chile
P1008,Producto_8,Makeup,491,13.26,6510.66,2024-11-01,Online,México
P1008,Producto_8,Makeup,644,14.75,9499.0,2024-12-01,Online,México
P1009,Producto_9,Haircare,436,8.49,3701.64,2023-01-01,Online,México
P1009,Producto_9,Haircare,599,38.32,22953.68,2023-02-01,Retail,Chile
P1009,Producto_9,Haircare,403,49.44,19924.32,2023-03-01,Online,México
P1009,Producto_9,Haircare,495,22.53,11152.35,2023-04-01,Distributor,Perú
P1009,Producto_9,Haircare,412,9.39,3868.68,2023-05-01,Online,México
P1009,Producto_9,Haircare,503,16.44,8269.32,2023-06-01,Distributor,México
P1009,Producto_9,Haircare,1917,47.32,90712.44,2023-07-01,Retail,México
P1009,Producto_9,Haircare,592,47.79,28291.68,2023-08-01,Retail,Colombia
P1009,Producto_9,Haircare,511,27.0,13797.0,2023-09-01,Retail,México
P1009,Producto_9,Haircare,595,38.44,22871.8,2023-10-01,Retail,Perú
P1009,Producto_9,Haircare,467,22.15,10344.05,2023-11-01,Retail,Colombia
P1009,Producto_9,Haircare,1626,2.31,3756.06,2023-12-01,Online,Chile
P1009,Producto_9,Haircare,503,36.57,18394.71,2024-01-01,Online,Perú
P1009,Producto_9,Haircare,512,15.32,7843.84,2024-02-01,Online,Chile
P1009,Producto_9,Haircare,313,49.48,15487.24,2024-03-01,Distributor,Chile
P1009,Producto_9,Haircare,409,9.23,3775.07,2024-04-01,Retail,Colombia
P1009,Producto_9,Haircare,482,32.88,15848.16,2024-05-01,Online,Perú
P1009,Producto_9,Haircare,588,43.11,25348.68,2024-06-01,Retail,Chile
P1009,Producto_9,Haircare,532,18.38,9778.16,2024-07-01,Online,Chile
P1009,Producto_9,Haircare,470,35.83,16840.1,2024-08-01,Retail,Perú
P1009,Producto_9,Haircare,370,13.5,4995.0,2024-09-01,Online,Colombia
P1009,Producto_9,Haircare,616,26.57,16367.12,2024-10-01,Online,Chile
P1009,Producto_9,Haircare,474,33.92,16078.08,2024-11-01,Online,Chile
P1009,Producto_9,Haircare,623,33.43,20826.89,2024-12-01,Retail,Perú
P1010,Producto_10,Makeup,538,44.47,23924.86,2023-01-01,Online,México
P1010,Producto_10,Makeup,543,13.16,7145.88,2023-02-01,Online,Perú
P1010,Producto_10,Makeup,486,21.28,10342.08,2023-03-01,Online,México
P1010,Producto_10,Makeup,396,28.16,11151.36,2023-04-01,Online,Perú
P1010,Producto_10,Makeup,591,29.66,17529.06,2023-05-01,Retail,Chile
P1010,Producto_10,Makeup,534,13.57,7246.38,2023-06-01,Distributor,Chile
P1010,Producto_10,Makeup,527,44.46,23430.42,2023-07-01,Retail,Colombia
P1010,Producto_10,Makeup,434,1.49,646.66,2023-08-01,Distributor,Colombia
P1010,Producto_10,Makeup,455,36.96,16816.8,2023-09-01,Online,Chile
P1010,Producto_10,Makeup,506,36.01,18221.06,2023-10-01,Online,México
P1010,Producto_10,Makeup,493,40.86,20143.98,2023-11-01,Retail,Chile
P1010,Producto_10,Makeup,532,40.14,21354.48,2023-12-01,Online,México
P1010,Producto_10,Makeup,572,42.35,24224.2,2024-01-01,Retail,Perú
P1010,Producto_10,Makeup,563,34.47,19406.61,2024-02-01,Retail,Colombia
P1010,Producto_10,Makeup,400,23.68,9472.0,2024-03-01,Online,Colombia
P1010,Producto_10,Makeup,284,34.99,9937.16,2024-04-01,Retail,Perú
P1010,Producto_10,Makeup,505,9.08,4585.4,2024-05-01,Online,México
P1010,Producto_10,Makeup,612,18.33,11217.96,2024-06-01,Online,Colombia
P1010,Producto_10,Makeup,559,8.77,4902.43,2024-07-01,Online,Colombia
P1010,Producto_10,Makeup,585,48.1,28138.5,2024-08-01,Online,Chile
P1010,Producto_10,Makeup,481,28.41,13665.21,2024-09-01,Online,Colombia
P1010,Producto_10,Makeup,555,30.35,16844.25,2024-10-01,Online,México
P1010,Producto_10,Makeup,401,13.12,5261.12,2024-11-01,Retail,México
P1010,Producto_10,Makeup,594,15.75,9355.5,2024-12-01,Retail,Perú
P1011,Producto_11,Makeup,639,9.82,6274.98,2023-01-01,Distributor,Colombia
P1011,Producto_11,Makeup,492,29.64,14582.88,2023-02-01,Retail,Colombia
P1011,Producto_11,Makeup,359,45.8,16442.2,2023-03-01,Online,Perú
P1011,Producto_11,Makeup,674,38.74,26110.76,2023-04-01,Retail,Perú
P1011,Producto_11,Makeup,523,32.64,17070.72,2023-05-01,Retail,México
P1011,Producto_11,Makeup,421,30.49,12836.29,2023-06-01,Online,Colombia
P1011,Producto_11,Makeup,596,24.42,14554.32,2023-07-01,Online,México
P1011,Producto_11,Makeup,721,33.08,23850.68,2023-08-01,Online,Perú
P1011,Producto_11,Makeup,597,13.39,7993.83,2023-09-01,Retail,México
P1011,Producto_11,Makeup,610,40.45,24674.5,2023-10-01,Retail,Chile
P1011,Producto_11,Makeup,441,22.91,10103.31,2023-11-01,Retail,México
P1011,Producto_11,Makeup,398,10.94,4354.12,2023-12-01,Online,Chile
P1011,Producto_11,Makeup,546,21.99,12006.54,2024-01-01,Distributor,México
P1011,Producto_11,Makeup,711,49.81,35414.91,2024-02-01,Online,México
P1011,Producto_11,Makeup,555,36.98,20523.9,2024-03-01,Retail,México
P1011,Producto_11,Makeup,507,1.6,811.2,2024-04-01,Distributor,Colombia
P1011,Producto_11,Makeup,390,46.93,18302.7,2024-05-01,Distributor,Perú
P1011,Producto_11,Makeup,468,18.8,8798.4,2024-06-01,Distributor,Perú
P1011,Producto_11,Makeup,550,9.52,5236.0,2024-07-01,Online,México
P1011,Producto_11,Makeup,558,22.55,12582.9,2024-08-01,Retail,Colombia
P1011,Producto_11,Makeup,389,29.66,11537.74,2024-09-01,Online,México
P1011,Producto_11,Makeup,284,24.42,6935.28,2024-10-01,Online,México
P1011,Producto_11,Makeup,456,44.46,20273.76,2024-11-01,Retail,Chile
P1011,Producto_11,Makeup,616,1.31,806.96,2024-12-01,Online,México
P1012,Producto_12,Makeup,505,13.57,6852.85,2023-01-01,Distributor,México
P1012,Producto_12,Makeup,517,45.73,23642.41,2023-02-01,Online,Colombia
P1012,Producto_12,Makeup,393,1.27,499.11,2023-03-01,Distributor,Chile
P1012,Producto_12,Makeup,469,13.13,6157.97,2023-04-01,Distributor,Chile
P1012,Producto_12,Makeup,406,17.07,6930.42,2023-05-01,Retail,Colombia
P1012,Producto_12,Makeup,485,31.71,15379.35,2023-06-01,Online,México
P1012,Producto_12,Makeup,443,20.74,9187.82,2023-07-01,Retail,Chile
P1012,Producto_12,Makeup,458,34.59,15842.22,2023-08-01,Online,Chile
P1012,Producto_12,Makeup,594,25.9,15384.6,2023-09-01,Distributor,México
P1012,Producto_12,Makeup,351,22.88,8030.88,2023-10-01,Online,Colombia
P1012,Producto_12,Makeup,1761,25.48,44870.28,2023-11-01,Online,Colombia
P1012,Producto_12,Makeup,576,36.6,21081.6,2023-12-01,Retail,Perú
P1012,Producto_12,Makeup,498,31.01,15442.98,2024-01-01,Distributor,Colombia
P1012,Producto_12,Makeup,557,13.34,7430.38,2024-02-01,Online,México
P1012,Producto_12,Makeup,269,27.3,7343.7,2024-03-01,Distributor,Perú
P1012,Producto_12,Makeup,455,35.67,16229.85,2024-04-01,Distributor,Chile
P1012,Producto_12,Makeup,1701,45.87,78024.87,2024-05-01,Retail,México
P1012,Producto_12,Makeup,451,26.91,12136.41,2024-06-01,Distributor,Colombia
P1012,Producto_12,Makeup,380,29.51,11213.8,2024-07-01,Online,Perú
P1012,Producto_12,Makeup,506,35.68,18054.08,2024-08-01,Online,Perú
P1012,Producto_12,Makeup,365,40.54,14797.1,2024-09-01,Online,Colombia
P1012,Producto_12,Makeup,402,31.08,12494.16,2024-10-01,Online,México
P1012,Producto_12,Makeup,560,16.64,9318.4,2024-11-01,Retail,México
P1012,Producto_12,Makeup,631,48.31,30483.61,2024-12-01,Distributor,México
P1013,Producto_13,Makeup,435,33.28,14476.8,2023-01-01,Retail,Chile
P1013,Producto_13,Makeup,592,14.58,8631.36,2023-02-01,Online,México
P1013,Producto_13,Makeup,440,26.46,11642.4,2023-03-01,Distributor,México
P1013,Producto_13,Makeup,371,36.39,13500.69,2023-04-01,Online,Perú
P1013,Producto_13,Makeup,586,43.55,25520.3,2023-05-01,Online,Perú
P1013,Producto_13,Makeup,441,49.09,21648.69,2023-06-01,Retail,Colombia
P1013,Producto_13,Makeup,396,49.36,19546.56,2023-07-01,Online,México
P1013,Producto_13,Makeup,550,36.78,20229.0,2023-08-01,Distributor,Colombia
P1013,Producto_13,Makeup,623,30.77,19169.71,2023-09-01,Retail,Colombia
P1013,Producto_13,Makeup,502,14.37,7213.74,2023-10-01,Retail,Perú
P1013,Producto_13,Makeup,437,8.39,3666.43,2023-11-01,Retail,Perú
P1013,Producto_13,Makeup,547,16.15,8834.05,2023-12-01,Retail,Perú
P1013,Producto_13,Makeup,666,15.9,10589.4,2024-01-01,Retail,Chile
P1013,Producto_13,Makeup,539,43.62,23511.18,2024-02-01,Distributor,México
P1013,Producto_13,Makeup,355,20.84,7398.2,2024-03-01,Distributor,Chile
P1013,Producto_13,Makeup,389,35.02,13622.78,2024-04-01,Online,México
P1013,Producto_13,Makeup,358,8.14,2914.12,2024-05-01,Online,Perú
P1013,Producto_13,Makeup,323,24.9,8042.7,2024-06-01,Retail,Colombia
P1013,Producto_13,Makeup,512,31.55,16153.6,2024-07-01,Retail,México
P1013,Producto_13,Makeup,431,8.96,3861.76,2024-08-01,Retail,Colombia
P1013,Producto_13,Makeup,482,37.72,18181.04,2024-09-01,Retail,Chile
P1013,Producto_13,Makeup,454,13.14,5965.56,2024-10-01,Online,Colombia
P1013,Producto_13,Makeup,548,49.93,27361.64,2024-11-01,Retail,Perú
P1013,Producto_13,Makeup,363,28.84,10468.92,2024-12-01,Retail,Colombia
P1014,Producto_14,Fragrance,162,32.69,5295.78,2023-01-01,Online,México
P1014,Producto_14,Fragrance,308,37.41,11522.28,2023-02-01,Retail,México
P1014,Producto_14,Fragrance,10,18.89,188.9,2023-03-01,Distributor,Perú
P1014,Producto_14,Fragrance,217,28.2,6119.4,2023-04-01,Distributor,Chile
P1014,Producto_14,Fragrance,197,38.64,7612.08,2023-05-01,Online,Chile
P1014,Producto_14,Fragrance,377,24.75,9330.75,2023-06-01,Online,Perú
P1014,Producto_14,Fragrance,102,46.06,4698.12,2023-07-01,Online,México
P1014,Producto_14,Fragrance,110,43.48,4782.8,2023-08-01,Online,Chile
P1014,Producto_14,Fragrance,0,2.33,0.0,2023-09-01,Distributor,Colombia
P1014,Producto_14,Fragrance,288,24.52,7061.76,2023-10-01,Retail,México
P1014,Producto_14,Fragrance,279,31.74,8855.46,2023-11-01,Distributor,Chile
P1014,Producto_14,Fragrance,74,2.44,180.56,2023-12-01,Online,Perú
P1014,Producto_14,Fragrance,220,12.82,2820.4,2024-01-01,Retail,Perú
P1014,Producto_14,Fragrance,314,31.05,9749.7,2024-02-01,Online,México
P1014,Producto_14,Fragrance,73,43.7,3190.1,2024-03-01,Online,Chile
P1014,Producto_14,Fragrance,194,39.47,7657.18,2024-04-01,Retail,México
P1014,Producto_14,Fragrance,181,41.02,7424.62,2024-05-01,Online,Chile
P1014,Producto_14,Fragrance,337,39.85,13429.45,2024-06-01,Online,Chile
P1014,Producto_14,Fragrance,163,49.37,8047.31,2024-07-01,Online,Perú
P1014,Producto_14,Fragrance,251,22.43,5629.93,2024-08-01,Online,Colombia
P1014,Producto_14,Fragrance,229,23.98,5491.42,2024-09-01,Distributor,Chile
P1014,Producto_14,Fragrance,124,11.95,1481.8,2024-10-01,Retail,Perú
P1014,Producto_14,Fragrance,318,46.43,14764.74,2024-11-01,Online,Chile
P1014,Producto_14,Fragrance,253,14.97,3787.41,2024-12-01,Online,Colombia
P1015,Producto_15,Skincare,466,45.55,21226.3,2023-01-01,Online,Chile
P1015,Producto_15,Skincare,459,48.65,22330.35,2023-02-01,Online,Colombia
P1015,Producto_15,Skincare,552,49.33,27230.16,2023-03-01,Retail,Chile
P1015,Producto_15,Skincare,500,49.15,24575.0,2023-04-01,Online,Perú
P1015,Producto_15,Skincare,618,45.39,28051.02,2023-05-01,Retail,Perú
P1015,Producto_15,Skincare,758,20.45,15501.1,2023-06-01,Online,Chile
P1015,Producto_15,Skincare,469,27.29,12799.01,2023-07-01,Online,Colombia
P1015,Producto_15,Skincare,304,30.07,9141.28,2023-08-01,Online,México
P1015,Producto_15,Skincare,476,22.61,10762.36,2023-09-01,Retail,Perú
P1015,Producto_15,Skincare,463,32.24,14927.12,2023-10-01,Distributor,México
P1015,Producto_15,Skincare,503,36.4,18309.2,2023-11-01,Retail,Chile
P1015,Producto_15,Skincare,513,15.02,7705.26,2023-12-01,Distributor,Colombia
P1015,Producto_15,Skincare,587,29.53,17334.11,2024-01-01,Online,Colombia
P1015,Producto_15,Skincare,365,25.15,9179.75,2024-02-01,Distributor,Perú
P1015,Producto_15,Skincare,572,18.93,10827.96,2024-03-01,Retail,Colombia
P1015,Producto_15,Skincare,566,24.37,13793.42,2024-04-01,Online,Perú
P1015,Producto_15,Skincare,282,12.65,3567.3,2024-05-01,Online,Chile
P1015,Producto_15,Skincare,1752,48.58,85112.16,2024-06-01,Retail,México
P1015,Producto_15,Skincare,519,8.76,4546.44,2024-07-01,Retail,Colombia
P1015,Producto_15,Skincare,531,30.37,16126.47,2024-08-01,Online,Chile
P1015,Producto_15,Skincare,536,1.94,1039.84,2024-09-01,Online,Colombia
P1015,Producto_15,Skincare,683,17.51,11959.33,2024-10-01,Retail,Colombia
P1015,Producto_15,Skincare,595,15.78,9389.1,2024-11-01,Online,Perú
P1015,Producto_15,Skincare,671,26.03,17466.13,2024-12-01,Retail,Perú
P1016,Producto_16,Fragrance,126,33.16,4178.16,2023-01-01,Online,Perú
P1016,Producto_16,Fragrance,609,44.48,27088.32,2023-02-01,Distributor,Chile
P1016,Producto_16,Fragrance,0,26.25,0.0,2023-03-01,Retail,México
P1016,Producto_16,Fragrance,267,15.16,4047.72,2023-04-01,Online,Perú
P1016,Producto_16,Fragrance,98,12.38,1213.24,2023-05-01,Online,México
P1016,Producto_16,Fragrance,278,19.41,5395.98,2023-06-01,Distributor,Chile
P1016,Producto_16,Fragrance,137,23.2,3178.4,2023-07-01,Online,Chile
P1016,Producto_16,Fragrance,219,27.72,6070.68,2023-08-01,Online,Colombia
P1016,Producto_16,Fragrance,245,16.69,4089.05,2023-09-01,Online,México
P1016,Producto_16,Fragrance,225,43.0,9675.0,2023-10-01,Online,Colombia
P1016,Producto_16,Fragrance,231,20.33,4696.23,2023-11-01,Online,Perú
P1016,Producto_16,Fragrance,334,42.36,14148.24,2023-12-01,Distributor,Colombia
P1016,Producto_16,Fragrance,198,49.7,9840.6,2024-01-01,Online,Perú
P1016,Producto_16,Fragrance,307,38.65,11865.55,2024-02-01,Retail,Perú
P1016,Producto_16,Fragrance,41,48.11,1972.51,2024-03-01,Online,Colombia
P1016,Producto_16,Fragrance,867,38.14,33067.38,2024-04-01,Online,Chile
P1016,Producto_16,Fragrance,129,27.16,3503.64,2024-05-01,Online,Chile
P1016,Producto_16,Fragrance,234,45.81,10719.54,2024-06-01,Online,Perú
P1016,Producto_16,Fragrance,216,23.2,5011.2,2024-07-01,Online,México
P1016,Producto_16,Fragrance,244,12.86,3137.84,2024-08-01,Online,México
P1016,Producto_16,Fragrance,205,8.49,1740.45,2024-09-01,Online,Perú
P1016,Producto_16,Fragrance,125,24.77,3096.25,2024-10-01,Distributor,Colombia
P1016,Producto_16,Fragrance,326,43.52,14187.52,2024-11-01,Online,Colombia
P1016,Producto_16,Fragrance,113,30.79,3479.27,2024-12-01,Retail,Chile
P1017,Producto_17,Fragrance,252,46.5,11718.0,2023-01-01,Online,Chile
P1017,Producto_17,Fragrance,744,1.79,1331.76,2023-02-01,Retail,México
P1017,Producto_17,Fragrance,174,45.38,7896.12,2023-03-01,Online,Perú
P1017,Producto_17,Fragrance,78,1.77,138.06,2023-04-01,Retail,Colombia
P1017,Producto_17,Fragrance,311,23.31,7249.41,2023-05-01,Distributor,Perú
P1017,Producto_17,Fragrance,81,15.03,1217.43,2023-06-01,Online,Chile
P1017,Producto_17,Fragrance,254,9.64,2448.56,2023-07-01,Online,México
P1017,Producto_17,Fragrance,200,21.15,4230.0,2023-08-01,Online,México
P1017,Producto_17,Fragrance,190,33.32,6330.8,2023-09-01,Distributor,Perú
P1017,Producto_17,Fragrance,222,14.37,3190.14,2023-10-01,Distributor,México
P1017,Producto_17,Fragrance,80,30.75,2460.0,2023-11-01,Distributor,Colombia
P1017,Producto_17,Fragrance,214,42.73,9144.22,2023-12-01,Online,Perú
P1017,Producto_17,Fragrance,73,31.42,2293.66,2024-01-01,Retail,Chile
P1017,Producto_17,Fragrance,113,14.32,1618.16,2024-02-01,Online,Perú
P1017,Producto_17,Fragrance,310,16.46,5102.6,2024-03-01,Online,Perú
P1017,Producto_17,Fragrance,395,46.09,18205.55,2024-04-01,Retail,México
P1017,Producto_17,Fragrance,226,13.49,3048.74,2024-05-01,Online,Perú
P1017,Producto_17,Fragrance,376,27.6,10377.6,2024-06-01,Distributor,Colombia
P1017,Producto_17,Fragrance,237,44.27,10491.99,2024-07-01,Online,México
P1017,Producto_17,Fragrance,197,31.63,6231.11,2024-08-01,Retail,Chile
P1017,Producto_17,Fragrance,471,49.19,23168.49,2024-09-01,Distributor,Colombia
P1017,Producto_17,Fragrance,173,41.88,7245.24,2024-10-01,Distributor,Chile
P1017,Producto_17,Fragrance,180,45.51,8191.8,2024-11-01,Distributor,Colombia
P1017,Producto_17,Fragrance,939,48.8,45823.2,2024-12-01,Retail,México
P1018,Producto_18,Fragrance,395,37.09,14650.55,2023-01-01,Online,Chile
P1018,Producto_18,Fragrance,175,22.0,3850.0,2023-02-01,Retail,México
P1018,Producto_18,Fragrance,295,8.6,2537.0,2023-03-01,Distributor,Perú
P1018,Producto_18,Fragrance,251,8.24,2068.24,2023-04-01,Distributor,Perú
P1018,Producto_18,Fragrance,258,11.72,3023.76,2023-05-01,Online,Chile
P1018,Producto_18,Fragrance,244,9.03,2203.32,2023-06-01,Retail,México
P1018,Producto_18,Fragrance,10,29.03,290.3,2023-07-01,Retail,Chile
P1018,Producto_18,Fragrance,221,37.82,8358.22,2023-08-01,Online,México
P1018,Producto_18,Fragrance,287,25.01,7177.87,2023-09-01,Online,Perú
P1018,Producto_18,Fragrance,137,31.06,4255.22,2023-10-01,Online,Colombia
P1018,Producto_18,Fragrance,336,45.32,15227.52,2023-11-01,Online,México
P1018,Producto_18,Fragrance,69,31.3,2159.7,2023-12-01,Retail,México
P1018,Producto_18,Fragrance,284,31.21,8863.64,2024-01-01,Online,Colombia
P1018,Producto_18,Fragrance,255,24.86,6339.3,2024-02-01,Distributor,Chile
P1018,Producto_18,Fragrance,147,2.02,296.94,2024-03-01,Online,Chile
P1018,Producto_18,Fragrance,215,45.62,9808.3,2024-04-01,Online,México
P1018,Producto_18,Fragrance,282,12.28,3462.96,2024-05-01,Online,Colombia
P1018,Producto_18,Fragrance,113,32.02,3618.26,2024-06-01,Distributor,Colombia
P1018,Producto_18,Fragrance,177,11.75,2079.75,2024-07-01,Online,Perú
P1018,Producto_18,Fragrance,275,43.46,11951.5,2024-08-01,Online,Perú
P1018,Producto_18,Fragrance,296,39.96,11828.16,2024-09-01,Retail,México
P1018,Producto_18,Fragrance,323,27.97,9034.31,2024-10-01,Distributor,Perú
P1018,Producto_18,Fragrance,240,26.17,6280.8,2024-11-01,Online,México
P1018,Producto_18,Fragrance,187,8.12,1518.44,2024-12-01,Online,Perú
P1019,Producto_19,Makeup,532,35.61,18944.52,2023-01-01,Distributor,Perú
P1019,Producto_19,Makeup,530,39.67,21025.1,2023-02-01,Online,Chile
P1019,Producto_19,Makeup,627,35.08,21995.16,2023-03-01,Retail,México
P1019,Producto_19,Makeup,581,11.58,6727.98,2023-04-01,Retail,Perú
P1019,Producto_19,Makeup,504,1.76,887.04,2023-05-01,Online,México
P1019,Producto_19,Makeup,399,47.85,19092.15,2023-06-01,Retail,México
P1019,Producto_19,Makeup,2223,27.49,61110.27,2023-07-01,Retail,México
P1019,Producto_19,Makeup,578,27.11,15669.58,2023-08-01,Online,Chile
P1019,Producto_19,Makeup,476,8.74,4160.24,2023-09-01,Retail,México
P1019,Producto_19,Makeup,519,34.96,18144.24,2023-10-01,Retail,Perú
P1019,Producto_19,Makeup,516,8.99,4638.84,2023-11-01,Retail,Perú
P1019,Producto_19,Makeup,505,16.7,8433.5,2023-12-01,Distributor,Perú
P1019,Producto_19,Makeup,425,39.39,16740.75,2024-01-01,Online,México
P1019,Producto_19,Makeup,420,18.04,7576.8,2024-02-01,Retail,Colombia
P1019,Producto_19,Makeup,373,13.91,5188.43,2024-03-01,Retail,Perú
P1019,Producto_19,Makeup,438,49.23,21562.74,2024-04-01,Distributor,Colombia
P1019,Producto_19,Makeup,382,46.53,17774.46,2024-05-01,Online,Colombia
P1019,Producto_19,Makeup,584,36.98,21596.32,2024-06-01,Distributor,Chile
P1019,Producto_19,Makeup,416,48.23,20063.68,2024-07-01,Online,Perú
P1019,Producto_19,Makeup,708,48.42,34281.36,2024-08-01,Distributor,México
P1019,Producto_19,Makeup,718,9.84,7065.12,2024-09-01,Online,Chile
P1019,Producto_19,Makeup,310,36.32,11259.2,2024-10-01,Distributor,México
P1019,Producto_19,Makeup,457,16.27,7435.39,2024-11-01,Distributor,Chile
P1019,Producto_19,Makeup,558,29.95,16712.1,2024-12-01,Online,México
